{
  "baseName" : "mmal service 16.1",
  "uniqueName" : "mmal_service_16.1",
  "nickname" : "mmal_service_16.1",
  "FOV" : 70.0,
  "path" : "/dev/video0",
  "cameraType" : "ZeroCopyPicam",
  "currentPipelineIndex" : 0,
  "camPitch" : {
    "radians" : 0.0
  },
  "calibrations" : [ {
    "resolution" : {
      "width" : 320.0,
      "height" : 240.0
    },
    "cameraIntrinsics" : {
      "rows" : 3,
      "cols" : 3,
      "type" : 6,
      "data" : [ 278.60196046658865, 0.0, 162.56461725032312, 0.0, 279.10200035641407, 121.90434650732746, 0.0, 0.0, 1.0 ]
    },
    "cameraExtrinsics" : {
      "rows" : 1,
      "cols" : 5,
      "type" : 6,
      "data" : [ 0.21245190084941967, -1.0793807019605648, -7.577015231926444E-4, -2.9141044337940505E-4, 1.6748169996471896 ]
    },
    "perViewErrors" : [ 0.23199452214581645, 0.20881119198720446, 0.20624095753670887, 0.17933704921516738, 0.2223157835058793, 0.19906999400010594, 0.19230673131365716, 0.1347029032845631, 0.1373956291158306, 0.13147703813793585, 0.14913411498625243, 0.19666879459237122 ],
    "standardDeviation" : 0.034044063082555955
  }, {
    "resolution" : {
      "width" : 960.0,
      "height" : 720.0
    },
    "cameraIntrinsics" : {
      "rows" : 3,
      "cols" : 3,
      "type" : 6,
      "data" : [ 834.2723253673589, 0.0, 484.8448521281829, 0.0, 835.4175630807034, 364.8358819191882, 0.0, 0.0, 1.0 ]
    },
    "cameraExtrinsics" : {
      "rows" : 1,
      "cols" : 5,
      "type" : 6,
      "data" : [ 0.1988465702510644, -0.9230056035659695, -0.001139312578440707, -0.0021801895828905005, 1.3520529647072743 ]
    },
    "perViewErrors" : [ 0.22546990132401196, 0.6468973985906249, 0.3354010688538179, 0.25238225708481893, 0.3336670243888637, 0.5083137334741777, 0.23770352994390703, 0.35700179710534435, 0.5212465242768115, 0.5431587196754433, 0.42752826983508924, 0.4996502147093429 ],
    "standardDeviation" : 0.13131882765306072
  } ],
  "streamIndex" : 0
}
