{
  "baseName" : "mmal service 16.1",
  "uniqueName" : "mmal_service_16.1",
  "nickname" : "photonvision",
  "FOV" : 95.0,
  "path" : "/dev/video0",
  "cameraType" : "ZeroCopyPicam",
  "currentPipelineIndex" : -1,
  "camPitch" : {
    "radians" : 0.0
  },
  "calibrations" : [ {
    "resolution" : {
      "width" : 960.0,
      "height" : 720.0
    },
    "cameraIntrinsics" : {
      "rows" : 3,
      "cols" : 3,
      "type" : 6,
      "data" : [ 834.2723253673589, 0.0, 484.8448521281829, 0.0, 835.4175630807034, 364.8358819191882, 0.0, 0.0, 1.0 ]
    },
    "cameraExtrinsics" : {
      "rows" : 1,
      "cols" : 5,
      "type" : 6,
      "data" : [ 0.1988465702510644, -0.9230056035659695, -0.001139312578440707, -0.0021801895828905005, 1.3520529647072743 ]
    },
    "perViewErrors" : [ 0.22546990132401196, 0.6468973985906249, 0.3354010688538179, 0.25238225708481893, 0.3336670243888637, 0.5083137334741777, 0.23770352994390703, 0.35700179710534435, 0.5212465242768115, 0.5431587196754433, 0.42752826983508924, 0.4996502147093429 ],
    "standardDeviation" : 0.13131882765306072
  }, {
    "resolution" : {
      "width" : 640.0,
      "height" : 480.0
    },
    "cameraIntrinsics" : {
      "rows" : 3,
      "cols" : 3,
      "type" : 6,
      "data" : [ 575.1923690738439, 0.0, 330.75062630619357, 0.0, 570.2933259204945, 230.96650249595527, 0.0, 0.0, 1.0 ]
    },
    "cameraExtrinsics" : {
      "rows" : 1,
      "cols" : 5,
      "type" : 6,
      "data" : [ 0.24717066842331945, -0.9856571040537447, -0.002655275858936743, 9.105944774392324E-4, 1.1804397028541505 ]
    },
    "perViewErrors" : [ 0.3736016322247959, 0.3931464828851909, 0.4392548912056225, 0.5036942226047828, 1.1032937073748128, 0.9678916917418204, 1.2112578486224725, 1.2620912193281506, 1.1201809162501197, 0.8999192695710118, 1.524587116342463, 1.0122542256643206, 0.9368316735843438, 0.8794007748916908 ],
    "standardDeviation" : 0.3412357938859231
  }, {
    "resolution" : {
      "width" : 1280.0,
      "height" : 720.0
    },
    "cameraIntrinsics" : {
      "rows" : 3,
      "cols" : 3,
      "type" : 6,
      "data" : [ 1096.4566395741692, 0.0, 638.749255910523, 0.0, 1103.1728404698522, 530.5715102082247, 0.0, 0.0, 1.0 ]
    },
    "cameraExtrinsics" : {
      "rows" : 1,
      "cols" : 5,
      "type" : 6,
      "data" : [ 0.16717781941220702, -0.6431030032939953, 0.0060524054265597895, 4.629322578640779E-4, 0.6252731231837677 ]
    },
    "perViewErrors" : [ 0.8152466223907222, 1.0065808264727278, 0.9894326561866293, 0.8728729028861467, 1.3467145012520505, 1.4004042268507901, 1.5107417179835432, 1.7305629227924912, 1.8532353383188305, 1.6190993329004528, 2.7502790819067933, 1.5030825976298599, 1.4886240071799466, 1.377302301365289 ],
    "standardDeviation" : 0.47296066092768513
  }, {
    "resolution" : {
      "width" : 1920.0,
      "height" : 1080.0
    },
    "cameraIntrinsics" : {
      "rows" : 3,
      "cols" : 3,
      "type" : 6,
      "data" : [ 1600.240818486766, 0.0, 983.8449630576072, 0.0, 1611.4001403438172, 652.5830025722685, 0.0, 0.0, 1.0 ]
    },
    "cameraExtrinsics" : {
      "rows" : 1,
      "cols" : 5,
      "type" : 6,
      "data" : [ 0.15839893363390434, -0.6015846063873687, 0.007785359980955395, 0.001892700766778769, 0.5869694100110697 ]
    },
    "perViewErrors" : [ 1.4982213622638263, 1.9600928862356723, 1.982112504660497, 1.6031966141149079, 1.3901254982759743, 1.5414714169676043, 1.6160531752959646, 2.0762690676743527, 2.325499054269195, 2.24030846831787, 4.679065675598191, 1.7856556972455089, 1.1511383984892603, 1.1186606663295915, 0.8409667553998713, 0.7269413006634634 ],
    "standardDeviation" : 0.8748185026225644
  }, {
    "resolution" : {
      "width" : 320.0,
      "height" : 240.0
    },
    "cameraIntrinsics" : {
      "rows" : 3,
      "cols" : 3,
      "type" : 6,
      "data" : [ 280.04958030251635, 0.0, 161.28352995058395, 0.0, 280.3496712467961, 130.02599830109745, 0.0, 0.0, 1.0 ]
    },
    "cameraExtrinsics" : {
      "rows" : 1,
      "cols" : 5,
      "type" : 6,
      "data" : [ 0.14891064127124862, -0.670235243190591, 0.005010318576734649, -2.4839875022575174E-4, 0.765972874803638 ]
    },
    "perViewErrors" : [ 0.18161612918203313, 0.22903769670937277, 0.3326957418029426, 0.19659677942333853, 0.29307188577584037, 0.33916538574868094, 0.2231794314822111, 0.31788722792124885, 0.26261562215182327, 0.24185464450655522, 0.3211046052331057, 0.36447126288701137, 0.35106214524983675, 0.3761172679271769, 0.38839915870854325 ],
    "standardDeviation" : 0.06520335838684786
  } ],
  "streamIndex" : 0
}
